P8794,ACT
P5545,ACT
P3241,ACT
P6431,ACT
P6197,ACT
P1755,ACT
P5678,ACT
P7661,ACT
P3451,ACT
P6798,ACT
P7736,ACT
P5854,ACT
P2105,ACT
P6414,ACT
P9578,ACT
P4967,ACT
P3947,ACT
P4573,ACT
P2071,ACT
P8047,ACT
P8307,ACT
P8288,ACT
P8681,ACT
P2608,ACT
P3067,ACT
P5889,AAA
P7879,AAA
P8131,AAA
P2412,AAA
P7467,AAA
P3623,AAA
P4875,AAA
P8080,AAA
P1092,AAA
P4256,AAA
P7898,AAA
P4914,AAA
P7718,AAA
P2820,AAA
P2160,AAA
P7871,LOW
P2571,LOW
P3983,LOW
P1443,LOW
P5733,LOW
P2239,LOW
P8435,LOW
P6954,LOW
P1073,LOW
P9204,LOW
D20250042,LOW
