P7611,ACT
P7692,ACT
P7597,ACT
P3795,ACT
P4657,ACT
P9257,ACT
P4998,ACT
P6968,ACT
P7896,ACT
P3139,ACT
P4960,ACT
P1333,ACT
P4211,ACT
P6731,ACT
P5775,ACT
P7374,ACT
P1116,ACT
P3481,ACT
P2451,ACT
P5315,ACT
P4345,ACT
P7975,ACT
P1031,ACT
P9240,ACT
P9732,ACT
P4329,AAA
P8214,AAA
P1100,AAA
P4362,AAA
P4270,AAA
P1911,AAA
P4634,AAA
P8911,AAA
P2310,AAA
P5818,AAA
P7365,AAA
P4478,AAA
P2902,AAA
P4984,AAA
P8870,AAA
P8390,AAA
P4162,AAA
P5126,AAA
P7289,AAA
P8465,AAA
P6338,AAA
P2751,AAA
P5326,AAA
P9610,AAA
P6478,AAA
