P4823,ACT
P4815,ACT
P1562,ACT
P7246,ACT
P1152,ACT
P3275,ACT
P1207,ACT
P1953,ACT
P6532,ACT
P2392,ACT
P2268,ACT
P9462,ACT
P2516,ACT
P8932,ACT
P9595,ACT
P4800,ACT
P2046,ACT
P3085,ACT
P8607,ACT
P8823,ACT
P8170,ACT
P1894,ACT
P9567,ACT
P3797,ACT
P3436,ACT
P1516,AAA
P4211,AAA
P2726,AAA
P7687,AAA
P3448,AAA
P8374,AAA
P2205,AAA
P1673,AAA
P7815,AAA
P8645,AAA
P6923,AAA
P9922,AAA
P7969,AAA
P2538,AAA
P6210,AAA
P3237,LOW
P9612,LOW
P6750,LOW
P4764,LOW
P7297,LOW
P3053,LOW
P2632,LOW
P7345,LOW
P1434,LOW
P5346,LOW
D20250003,LOW
D20250059,LOW
D20250090,LOW
