P5109,ACT
P6617,ACT
P8929,ACT
P8453,ACT
P7209,ACT
P3987,ACT
P9406,ACT
P4367,ACT
P1264,ACT
P4526,ACT
P8234,ACT
P6651,ACT
P5458,ACT
P3793,ACT
P5699,ACT
P5748,ACT
P5747,ACT
P9144,ACT
P1746,ACT
P5851,ACT
P1858,ACT
P7875,ACT
P5837,ACT
P6203,ACT
P3535,ACT
P1120,AAA
P3212,AAA
P9080,AAA
P7934,AAA
P5890,AAA
P9497,AAA
P6475,AAA
P8842,AAA
P1932,AAA
P1150,AAA
P5100,AAA
P5741,AAA
P9861,AAA
P5027,AAA
P2478,AAA
P9335,AAA
P4747,AAA
P9497,AAA
P4700,AAA
P2950,AAA
P5757,AAA
P5232,AAA
P8324,AAA
P9948,AAA
P7353,AAA
P3594,AAA
