P6254,ACT
P1109,ACT
P3196,ACT
P2457,ACT
P6420,ACT
P3014,ACT
P8884,ACT
P1167,ACT
P7178,ACT
P1338,ACT
P4623,ACT
P1260,ACT
P1271,ACT
P4745,ACT
P4951,ACT
P2907,ACT
P6658,ACT
P9278,ACT
P9182,ACT
P8662,ACT
P5627,ACT
P6469,ACT
P7093,ACT
P4337,ACT
P8224,ACT
P8424,AAA
P1933,AAA
P8445,AAA
P7832,AAA
P9378,AAA
P1796,AAA
P6988,AAA
D20250029,AAA
P8533,AAA
P9601,AAA
P7183,AAA
P9130,AAA
D20250001,AAA
P6457,AAA
P6723,AAA
D20250055,LOW
P4335,LOW
P9876,LOW
P9799,LOW
P3407,LOW
P8542,LOW
P5207,LOW
P5539,LOW
P1869,LOW
P4746,LOW
