P3291,ACT
P4471,ACT
P2415,ACT
P3365,ACT
P3156,ACT
P4055,ACT
P3129,ACT
P8349,ACT
P3936,ACT
P9706,ACT
P5797,ACT
P2544,ACT
P3159,ACT
P7501,ACT
P8697,ACT
P2376,ACT
P2248,ACT
P4874,ACT
P3278,ACT
P7132,ACT
P4252,ACT
P9130,ACT
P8843,ACT
P9792,ACT
P9721,ACT
P1767,AAA
P9668,AAA
P6965,AAA
P2310,AAA
P5210,AAA
P1037,AAA
P3404,AAA
P4890,AAA
P2529,AAA
P9947,AAA
P1423,AAA
P5627,AAA
P5625,AAA
P8932,AAA
P4147,AAA
P6922,LOW
P6999,LOW
P5362,LOW
P4140,LOW
P5474,LOW
P7244,LOW
P3576,LOW
P2093,LOW
P5859,LOW
