P8682,ACT
P5346,ACT
P2873,ACT
P3241,ACT
P4886,ACT
P9262,ACT
P3019,ACT
P2927,ACT
P1089,ACT
P9264,ACT
P3522,ACT
P2976,ACT
P4457,ACT
P8154,ACT
P3377,ACT
P6876,ACT
P9238,ACT
P2899,ACT
P1920,ACT
P8298,ACT
P1977,ACT
P1487,ACT
P9072,ACT
P4406,ACT
P6112,ACT
P8317,AAA
P7628,AAA
P7980,AAA
P6849,AAA
P9908,AAA
P4228,AAA
P5491,AAA
P6336,AAA
P1484,AAA
P3455,AAA
P4234,AAA
P5017,AAA
P2752,AAA
P4992,AAA
P6596,AAA
P1035,AAA
P2107,AAA
P8917,AAA
P1942,AAA
P2739,AAA
P7899,AAA
P8097,AAA
P6208,AAA
P1283,AAA
P9789,AAA
P3946,LOW
P8104,LOW
P7564,LOW
P5392,LOW
P1796,LOW
P8001,LOW
P1662,LOW
P1087,LOW
P9827,LOW
P8033,LOW
P2053,LOW
P9323,LOW
P3563,LOW
P4043,LOW
P4214,LOW
P9001,LOW
P5410,LOW
P3096,LOW
P4470,LOW
P6089,LOW
P4293,LOW
P6474,LOW
P5650,LOW
P6893,LOW
P9599,LOW
