P9564,ACT
P3133,ACT
P8986,ACT
P8404,ACT
P2748,ACT
P4402,ACT
P5133,ACT
P1301,ACT
P2935,ACT
P5333,ACT
P7138,ACT
P7305,ACT
P4671,ACT
P4484,ACT
P7804,ACT
P8806,ACT
P7996,ACT
P9030,ACT
P2431,ACT
P5975,ACT
P3557,ACT
P2110,ACT
P8805,ACT
P2846,ACT
P2668,ACT
P9743,AAA
P3604,AAA
P1983,AAA
P9964,AAA
P1400,AAA
P9187,AAA
P2578,AAA
P8080,AAA
P9849,AAA
P6486,AAA
P3661,AAA
P2392,AAA
P9256,AAA
P9917,AAA
P1441,AAA
P9452,LOW
P6499,LOW
P3526,LOW
P9911,LOW
P6384,LOW
P8696,LOW
P1489,LOW
P7757,LOW
P2315,LOW
P9227,LOW
