P5375,ACT
P7384,ACT
P2261,ACT
P8498,ACT
P6159,ACT
P7703,ACT
P8521,ACT
P9505,ACT
P8060,ACT
P5778,ACT
P6866,ACT
P3074,ACT
P4044,ACT
P9693,ACT
P7483,ACT
P2626,ACT
P7958,ACT
P5813,ACT
P1768,ACT
P7418,ACT
P4010,ACT
P8485,ACT
P3679,ACT
P4402,ACT
P2335,ACT
P4699,AAA
P8396,AAA
P1061,AAA
P9071,AAA
P4378,AAA
P3381,AAA
P4201,AAA
P7753,AAA
P9372,AAA
P9823,AAA
P7264,AAA
P5059,AAA
P7286,AAA
P1650,AAA
P8416,AAA
P9912,LOW
P6932,LOW
P6380,LOW
P2949,LOW
P3586,LOW
P6774,LOW
P4596,LOW
P8623,LOW
P1652,LOW
P8344,LOW
D20250028,LOW
D20250029,LOW
D20250022,LOW
