P9966,ACT
P9610,ACT
P9861,ACT
P9896,ACT
P6929,ACT
P3951,ACT
P8587,ACT
P7492,ACT
P2809,ACT
P4243,ACT
P3454,ACT
P6422,ACT
P9936,ACT
P2276,ACT
P7945,ACT
P6299,ACT
P6898,ACT
P4536,ACT
P1620,ACT
P5964,ACT
P5266,ACT
P2238,ACT
P2105,ACT
P3698,ACT
P7282,ACT
P3530,AAA
P6825,AAA
P9332,AAA
P9845,AAA
P3585,AAA
P3935,AAA
P2332,AAA
P4580,AAA
P5072,AAA
P4440,AAA
P3541,AAA
P2511,AAA
P1502,AAA
P3854,AAA
P1993,AAA
P3757,LOW
P1411,LOW
P3884,LOW
P7797,LOW
P2481,LOW
P2075,LOW
P2870,LOW
