P5607,ACT
P9370,ACT
P8910,ACT
P4571,ACT
P2372,ACT
P9465,ACT
P6539,ACT
P5609,ACT
P6549,ACT
P1765,ACT
P3073,ACT
P5336,ACT
P6630,ACT
P5517,ACT
P3341,ACT
P3815,ACT
P1863,ACT
P6742,ACT
P9829,ACT
P1032,ACT
P5445,ACT
P2776,ACT
P3749,ACT
P2962,ACT
P2931,ACT
P6376,AAA
P3631,AAA
P5181,AAA
P3148,AAA
P4778,AAA
P9245,AAA
P6026,AAA
P6142,AAA
P6701,AAA
P9243,AAA
P6353,AAA
P3413,AAA
P6672,AAA
P3181,AAA
P5026,AAA
P6817,LOW
P2291,LOW
P5872,LOW
P9873,LOW
P8918,LOW
P6406,LOW
P2830,LOW
P2739,LOW
P4011,LOW
P1895,LOW
